{"sections":{"main":{"type":"main-article","blocks":{"featured_image":{"type":"featured_image","settings":{"image_height":"adapt"}},"title":{"type":"title","settings":{"blog_show_date":false,"blog_show_author":false}},"share":{"type":"share","settings":{"share_label":"Share"}},"content":{"type":"content","settings":{}}},"block_order":["featured_image","title","share","content"],"settings":{}},"featured-blog":{"type":"featured-blog","settings":{"heading":"","heading_size":"h1","blog":"news","post_limit":3,"columns_desktop":3,"color_scheme":"background-1","show_image":true,"show_date":true,"show_author":false,"show_view_all":false,"padding_top":36,"padding_bottom":36}},"newsletter":{"type":"newsletter","blocks":{"paragraph":{"type":"paragraph","settings":{"text":"<p>EMAIL SIGNUP<\/p>"}},"heading":{"type":"heading","settings":{"heading":"Sign up for our email list","heading_size":"h0"}},"email_form":{"type":"email_form","settings":{}}},"block_order":["paragraph","heading","email_form"],"settings":{"color_scheme":"background-1","full_width":true,"padding_top":40,"padding_bottom":52}}},"order":["main","featured-blog","newsletter"]}