{"sections":{"main":{"type":"main-blog","settings":{"layout":"collage","show_image":true,"image_height":"medium","show_date":false,"show_author":false,"padding_top":36,"padding_bottom":36}},"newsletter":{"type":"newsletter","blocks":{"paragraph":{"type":"paragraph","settings":{"text":"<p>EMAIL SIGNUP<\/p>"}},"heading":{"type":"heading","settings":{"heading":"Sign up for our email list","heading_size":"h0"}},"email_form":{"type":"email_form","settings":{}}},"block_order":["paragraph","heading","email_form"],"settings":{"color_scheme":"background-1","full_width":true,"padding_top":0,"padding_bottom":52}}},"order":["main","newsletter"]}