{"sections":{"a7567601-a51d-474f-95da-ca93a042dcd5":{"type":"image-with-text","blocks":{"template--17561679429946__a7567601-a51d-474f-95da-ca93a042dcd5-1673458443be48acc2-0":{"type":"heading","settings":{"heading":"Get Maximum Protection for Your Knees with FITOUTFIT Knee Pads","heading_size":"h2"}},"template--17561679429946__a7567601-a51d-474f-95da-ca93a042dcd5-1673458443be48acc2-1":{"type":"text","disabled":true,"settings":{"text":"<p>Pair text with an image to focus on your chosen product, collection, or blog post. Add details on availability, style, or even provide a review.<\/p>","text_style":"body"}},"template--17561679429946__a7567601-a51d-474f-95da-ca93a042dcd5-1673458443be48acc2-2":{"type":"button","settings":{"button_label":"Buy it Now","button_link":"shopify:\/\/products\/fitoutfit-knee-pads-braces-sports-support-double-bundling-paste-strap-arthritis-joints-relief-injury-prevention-men-women-for-fitness-basketball-volleyball-cycling-96855"}}},"block_order":["template--17561679429946__a7567601-a51d-474f-95da-ca93a042dcd5-1673458443be48acc2-0","template--17561679429946__a7567601-a51d-474f-95da-ca93a042dcd5-1673458443be48acc2-1","template--17561679429946__a7567601-a51d-474f-95da-ca93a042dcd5-1673458443be48acc2-2"],"settings":{"image":"shopify:\/\/shop_images\/He73532b8ae304a75ab94c5daa9e5da27s.jpg","height":"adapt","desktop_image_width":"medium","layout":"text_first","desktop_content_position":"top","desktop_content_alignment":"left","content_layout":"no-overlap","color_scheme":"background-1","mobile_content_alignment":"left","padding_top":36,"padding_bottom":36}},"rich-text":{"type":"rich-text","disabled":true,"blocks":{"heading":{"type":"heading","settings":{"heading":"<p>Get Maximum Protection for Your Knees with<\/p>","heading_size":"h1"}}},"block_order":["heading"],"settings":{"desktop_content_position":"center","content_alignment":"center","color_scheme":"background-1","full_width":false,"padding_top":40,"padding_bottom":60}},"featured-product":{"type":"featured-product","blocks":{"title":{"type":"title","settings":{"heading_size":"h2"}},"price":{"type":"price","settings":{}},"text":{"type":"text","settings":{"text":"Enter a description of your featured product. Make sure to mention what makes it special, and what sets it apart from the competition.","text_style":"subtitle"}},"variant_picker":{"type":"variant_picker","settings":{"picker_type":"button"}},"buy_buttons":{"type":"buy_buttons","settings":{"show_dynamic_checkout":true}},"share":{"type":"share","settings":{"share_label":"Share"}}},"block_order":["title","price","text","variant_picker","buy_buttons","share"],"settings":{"product":"fitoutfit-knee-pads-braces-sports-support-double-bundling-paste-strap-arthritis-joints-relief-injury-prevention-men-women-for-fitness-basketball-volleyball-cycling-96855","color_scheme":"background-1","secondary_background":false,"media_position":"left","image_zoom":"lightbox","hide_variants":false,"enable_video_looping":true,"padding_top":32,"padding_bottom":48}},"rich-text-2":{"type":"rich-text","blocks":{"heading":{"type":"heading","settings":{"heading":"<p><strong>There's no need to suffer pain anymore!!!<\/strong><\/p>","heading_size":"h1"}},"text":{"type":"text","settings":{"text":"<p>The knee has a heavy load during exercise and is easy to be injured. Wearing a knee pad can protect the knee to the maximum and reduce the pain caused by injury.<\/p>"}}},"block_order":["heading","text"],"settings":{"desktop_content_position":"center","content_alignment":"center","color_scheme":"accent-2","full_width":true,"padding_top":24,"padding_bottom":24}},"image-banner":{"type":"image-banner","blocks":{"eb6912e4-ae4a-4bbf-bd88-8302e44dc8a3":{"type":"heading","settings":{"heading":"The Patella is worm out","heading_size":"h2"}},"1fe67ff9-407c-4557-987d-98729f56cf15":{"type":"text","disabled":true,"settings":{"text":"The Patella is worm out","text_style":"body"}}},"block_order":["eb6912e4-ae4a-4bbf-bd88-8302e44dc8a3","1fe67ff9-407c-4557-987d-98729f56cf15"],"settings":{"image":"shopify:\/\/shop_images\/istockphoto-1346682277-612x612.jpg","image_overlay_opacity":0,"image_height":"small","adapt_height_first_image":false,"desktop_content_position":"middle-center","show_text_box":true,"desktop_content_alignment":"center","color_scheme":"background-1","mobile_content_alignment":"center","stack_images_on_mobile":true,"show_text_below":true}},"image-banner-1":{"type":"image-banner","blocks":{"6340d205-81ba-426c-b3dd-4154da5e3941":{"type":"heading","settings":{"heading":"The Ligament is torn","heading_size":"h2"}}},"block_order":["6340d205-81ba-426c-b3dd-4154da5e3941"],"settings":{"image":"shopify:\/\/shop_images\/istockphoto-1165067653-612x612.jpg","image_overlay_opacity":0,"image_height":"medium","adapt_height_first_image":true,"desktop_content_position":"middle-center","show_text_box":false,"desktop_content_alignment":"center","color_scheme":"background-1","mobile_content_alignment":"center","stack_images_on_mobile":true,"show_text_below":true}},"image-banner-2":{"type":"image-banner","blocks":{"e7ac94c8-5530-470a-97aa-09aeff5fd5c4":{"type":"heading","settings":{"heading":"The knee joint is injured","heading_size":"h2"}}},"block_order":["e7ac94c8-5530-470a-97aa-09aeff5fd5c4"],"settings":{"image":"shopify:\/\/shop_images\/istockphoto-627299048-612x612.jpg","image_overlay_opacity":0,"image_height":"small","adapt_height_first_image":true,"desktop_content_position":"middle-center","show_text_box":true,"desktop_content_alignment":"center","color_scheme":"background-1","mobile_content_alignment":"center","stack_images_on_mobile":true,"show_text_below":true}},"rich-text-1":{"type":"rich-text","disabled":true,"blocks":{"heading":{"type":"heading","settings":{"heading":"<p>Write an introduction for your  testimonials<\/p>","heading_size":"hxl"}},"text":{"type":"text","settings":{"text":"<p>RICH TEXT<\/p>"}}},"block_order":["heading","text"],"settings":{"desktop_content_position":"center","content_alignment":"center","color_scheme":"inverse","full_width":true,"padding_top":52,"padding_bottom":44}},"multicolumn":{"type":"multicolumn","disabled":true,"blocks":{"column":{"type":"column","settings":{"title":"Testimonial title","text":"<p>Include a testimonial or review that highlights what makes your product unique.<\/p>","link_label":"","link":""}},"column-1":{"type":"column","settings":{"title":"Testimonial title","text":"<p>Include a testimonial or review that highlights what makes your product unique. <\/p>","link_label":"","link":""}},"column-2":{"type":"column","settings":{"title":"Testimonial title","text":"<p>Include a testimonial or review that highlights what makes your product unique.<\/p>","link_label":"","link":""}},"column-3":{"type":"column","settings":{"title":"","text":"<p>Consider adding an image for visual interest.<\/p>","link_label":"","link":""}},"column-4":{"type":"column","settings":{"title":"Testimonial title","text":"<p>Include a testimonial or review that highlights what makes your product unique.<\/p>","link_label":"","link":""}},"column-5":{"type":"column","settings":{"title":"Testimonial title","text":"<p>Include a testimonial or review that highlights what makes your product unique. <\/p>","link_label":"","link":""}}},"block_order":["column","column-1","column-2","column-3","column-4","column-5"],"settings":{"title":"","heading_size":"h0","image_width":"half","image_ratio":"adapt","columns_desktop":3,"column_alignment":"left","background_style":"none","button_label":"","button_link":"","color_scheme":"inverse","columns_mobile":"1","swipe_on_mobile":false,"padding_top":0,"padding_bottom":36}},"featured-blog":{"type":"featured-blog","disabled":true,"settings":{"heading":"","heading_size":"h0","blog":"news","post_limit":4,"columns_desktop":2,"color_scheme":"background-2","show_image":true,"show_date":false,"show_author":false,"show_view_all":false,"padding_top":32,"padding_bottom":24}},"rich-text-3":{"type":"rich-text","disabled":true,"blocks":{"text":{"type":"text","settings":{"text":"<p>RICH TEXT<\/p>"}},"heading":{"type":"heading","settings":{"heading":"<p>Introduce your brand values<\/p>","heading_size":"h0"}}},"block_order":["text","heading"],"settings":{"desktop_content_position":"center","content_alignment":"center","color_scheme":"background-1","full_width":true,"padding_top":60,"padding_bottom":36}},"collage":{"type":"collage","disabled":true,"blocks":{"image":{"type":"image","settings":{"image_padding":false}}},"block_order":["image"],"settings":{"heading":"","heading_size":"h1","desktop_layout":"left","mobile_layout":"collage","card_styles":"product-card-wrapper","color_scheme":"background-1","padding_top":0,"padding_bottom":36}},"multicolumn-2":{"type":"multicolumn","disabled":true,"blocks":{"column":{"type":"column","settings":{"title":"Brand value heading","text":"<p>Describe something unique about your brand value. Consider highlighting how your products are made, your sustainability efforts, or your creative process.<\/p>","link_label":"","link":""}},"column-1":{"type":"column","settings":{"title":"","text":"<p>Consider adding an image for visual interest. <\/p>","link_label":"","link":""}},"column-2":{"type":"column","settings":{"title":"","text":"<p>Consider adding an image for visual interest. <\/p>","link_label":"","link":""}}},"block_order":["column","column-1","column-2"],"settings":{"title":"","heading_size":"h0","image_width":"full","image_ratio":"adapt","columns_desktop":3,"column_alignment":"left","background_style":"none","button_label":"","button_link":"","color_scheme":"background-1","columns_mobile":"1","swipe_on_mobile":false,"padding_top":0,"padding_bottom":36}},"newsletter":{"type":"newsletter","blocks":{"paragraph":{"type":"paragraph","settings":{"text":"<p>EMAIL SIGNUP<\/p>"}},"heading":{"type":"heading","settings":{"heading":"Sign up for our email list","heading_size":"h2"}},"email_form":{"type":"email_form","settings":{}}},"block_order":["paragraph","heading","email_form"],"settings":{"color_scheme":"background-1","full_width":true,"padding_top":24,"padding_bottom":40}}},"order":["a7567601-a51d-474f-95da-ca93a042dcd5","rich-text","featured-product","rich-text-2","image-banner","image-banner-1","image-banner-2","rich-text-1","multicolumn","featured-blog","rich-text-3","collage","multicolumn-2","newsletter"]}