{"sections":{"main":{"type":"main-list-collections","settings":{"title":"Collections","sort":"alphabetical","image_ratio":"square","columns_desktop":3,"columns_mobile":"2"}},"newsletter":{"type":"newsletter","blocks":{"paragraph":{"type":"paragraph","settings":{"text":"<p>EMAIL SIGNUP<\/p>"}},"heading":{"type":"heading","settings":{"heading":"Sign up for our email list","heading_size":"h0"}},"email_form":{"type":"email_form","settings":{}}},"block_order":["paragraph","heading","email_form"],"settings":{"color_scheme":"background-1","full_width":true,"padding_top":40,"padding_bottom":52}}},"order":["main","newsletter"]}