{"sections":{"main":{"type":"main-product","blocks":{"text":{"type":"text","settings":{"text":"{{ product.vendor }}","text_style":"body"}},"title":{"type":"title","settings":{}},"price":{"type":"price","settings":{}},"rating":{"type":"rating","settings":{}},"c7c0af6c-b8ec-4687-9430-c436a38e666e":{"type":"collapsible_tab","settings":{"heading":"Description","icon":"eye","content":"<p>130g for each piece<br\/>Material:Nylon<br\/>Size:S\/M\/L\/XL\/XXL\/XXXL<br\/>Adult Recommended Audience Sports: Basketball, Volleyball, Cycling, Running, and more<br\/>To account for human measurement error of 1-2 cm, please.<br\/>Colors from mentioned photographs may fluctuate somewhat from actual ones due to different displays and lighting situations.<\/p>","page":""}},"412c517f-fdf3-4bab-9b17-ba8ee84d7dc9":{"type":"collapsible_tab","settings":{"heading":"Features","icon":"lightning_bolt","content":"<p>1. Prevent injuries and exercise safer<br\/>2. Paste strap:Sticky and easy to tear<br\/>3. Double bundling:Firmly protect the meniscus<br\/>4.Arthritis Joints Relief<\/p>","page":""}},"description":{"type":"description","settings":{}},"variant_picker":{"type":"variant_picker","settings":{"picker_type":"button"}},"quantity_selector":{"type":"quantity_selector","settings":{}},"buy_buttons":{"type":"buy_buttons","settings":{"show_dynamic_checkout":true}},"share":{"type":"share","settings":{"share_label":"Share"}},"3a090083-1a25-4285-bd38-f42ed21f38e7":{"type":"collapsible_tab","settings":{"heading":"3 simple steps to follow","icon":"star","content":"","page":"how-to-use"}},"353531d4-1ef8-434d-a271-e686630349cc":{"type":"collapsible_tab","settings":{"heading":"Why should you use fitoutfit knee pads?","icon":"question_mark","content":"","page":"why-to-use"}},"9a50027a-e6fd-4076-9f35-72a30eac2cb4":{"type":"collapsible_tab","settings":{"heading":"15 day Return Policy","icon":"return","content":"","page":""}},"3bfc1383-0f1d-43d5-aafe-b8da6222884a":{"type":"icon-with-text","disabled":true,"settings":{"layout":"horizontal","icon_1":"box","heading_1":"Heading","icon_2":"return","heading_2":"Heading","icon_3":"truck","heading_3":"Heading"}}},"block_order":["text","title","price","rating","c7c0af6c-b8ec-4687-9430-c436a38e666e","412c517f-fdf3-4bab-9b17-ba8ee84d7dc9","description","variant_picker","quantity_selector","buy_buttons","share","3a090083-1a25-4285-bd38-f42ed21f38e7","353531d4-1ef8-434d-a271-e686630349cc","9a50027a-e6fd-4076-9f35-72a30eac2cb4","3bfc1383-0f1d-43d5-aafe-b8da6222884a"],"settings":{"enable_sticky_info":true,"media_position":"left","gallery_layout":"thumbnail_slider","media_size":"small","image_zoom":"lightbox","mobile_thumbnails":"hide","hide_variants":true,"enable_video_looping":false,"padding_top":28,"padding_bottom":24}},"product-recommendations":{"type":"product-recommendations","settings":{"heading":"You may also like","heading_size":"h2","products_to_show":4,"columns_desktop":4,"color_scheme":"background-1","image_ratio":"square","show_secondary_image":true,"show_vendor":false,"show_rating":false,"columns_mobile":"2","padding_top":36,"padding_bottom":28}},"newsletter":{"type":"newsletter","blocks":{"paragraph":{"type":"paragraph","settings":{"text":"<p>EMAIL SIGNUP<\/p>"}},"heading":{"type":"heading","settings":{"heading":"Sign up for our email list","heading_size":"h1"}},"email_form":{"type":"email_form","settings":{}}},"block_order":["paragraph","heading","email_form"],"settings":{"color_scheme":"background-1","full_width":true,"padding_top":24,"padding_bottom":40}}},"order":["main","product-recommendations","newsletter"]}